<?xml version="1.0"?>
<doc>
    <assembly>
        <name>FluentDateTime</name>
    </assembly>
    <members>
        <member name="T:FluentDateTimeOffset.DateTimeOffsetExtensions">
            <summary>
            Static class containing Fluent <see cref="T:System.DateTimeOffset"/> extension methods.
            </summary>
        </member>
        <member name="M:FluentDateTimeOffset.DateTimeOffsetExtensions.AddFluentTimeSpan(System.DateTimeOffset,FluentDate.FluentTimeSpan)">
            <summary>
            Returns a new <see cref="T:System.DateTime"/> that adds the value of the specified <see cref="T:FluentDate.FluentTimeSpan"/> to the value of this instance.
            </summary>
        </member>
        <member name="M:FluentDateTimeOffset.DateTimeOffsetExtensions.SubtractFluentTimeSpan(System.DateTimeOffset,FluentDate.FluentTimeSpan)">
            <summary>
            Returns a new <see cref="T:System.DateTime"/> that subtracts the value of the specified <see cref="T:FluentDate.FluentTimeSpan"/> to the value of this instance.
            </summary>
        </member>
        <member name="M:FluentDateTimeOffset.DateTimeOffsetExtensions.EndOfDay(System.DateTimeOffset)">
            <summary>
            Returns the very end of the given day (the last millisecond of the last hour for the given <see cref="T:System.DateTimeOffset"/>).
            </summary>
        </member>
        <member name="M:FluentDateTimeOffset.DateTimeOffsetExtensions.BeginningOfDay(System.DateTimeOffset)">
            <summary>
            Returns the Start of the given day (the first millisecond of the given <see cref="T:System.DateTimeOffset"/>).
            </summary>
        </member>
        <member name="M:FluentDateTimeOffset.DateTimeOffsetExtensions.NextYear(System.DateTimeOffset)">
            <summary>
            Returns the same date (same Day, Month, Hour, Minute, Second etc) in the next calendar year.
            If that day does not exist in next year in same month, number of missing days is added to the last day in same month next year.
            </summary>
        </member>
        <member name="M:FluentDateTimeOffset.DateTimeOffsetExtensions.PreviousYear(System.DateTimeOffset)">
            <summary>
            Returns the same date (same Day, Month, Hour, Minute, Second etc) in the previous calendar year.
            If that day does not exist in previous year in same month, number of missing days is added to the last day in same month previous year.
            </summary>
        </member>
        <member name="M:FluentDateTimeOffset.DateTimeOffsetExtensions.NextDay(System.DateTimeOffset)">
            <summary>
            Returns <see cref="T:System.DateTimeOffset"/> increased by 24 hours ie Next Day.
            </summary>
        </member>
        <member name="M:FluentDateTimeOffset.DateTimeOffsetExtensions.PreviousDay(System.DateTimeOffset)">
            <summary>
            Returns <see cref="T:System.DateTimeOffset"/> decreased by 24h period ie Previous Day.
            </summary>
        </member>
        <member name="M:FluentDateTimeOffset.DateTimeOffsetExtensions.Next(System.DateTimeOffset,System.DayOfWeek)">
            <summary>
            Returns first next occurrence of specified <see cref="T:System.DayOfWeek"/>.
            </summary>
        </member>
        <member name="M:FluentDateTimeOffset.DateTimeOffsetExtensions.Previous(System.DateTimeOffset,System.DayOfWeek)">
            <summary>
            Returns first next occurrence of specified <see cref="T:System.DayOfWeek"/>.
            </summary>
        </member>
        <member name="M:FluentDateTimeOffset.DateTimeOffsetExtensions.WeekAfter(System.DateTimeOffset)">
            <summary>
            Increases supplied <see cref="T:System.DateTimeOffset"/> for 7 days ie returns the Next Week.
            </summary>
        </member>
        <member name="M:FluentDateTimeOffset.DateTimeOffsetExtensions.WeekEarlier(System.DateTimeOffset)">
            <summary>
            Decreases supplied <see cref="T:System.DateTimeOffset"/> for 7 days ie returns the Previous Week.
            </summary>
        </member>
        <member name="M:FluentDateTimeOffset.DateTimeOffsetExtensions.IncreaseTime(System.DateTimeOffset,System.TimeSpan)">
            <summary>
            Increases the <see cref="T:System.DateTimeOffset"/> object with given <see cref="T:System.TimeSpan"/> value.
            </summary>
        </member>
        <member name="M:FluentDateTimeOffset.DateTimeOffsetExtensions.DecreaseTime(System.DateTimeOffset,System.TimeSpan)">
            <summary>
            Decreases the <see cref="T:System.DateTimeOffset"/> object with given <see cref="T:System.TimeSpan"/> value.
            </summary>
        </member>
        <member name="M:FluentDateTimeOffset.DateTimeOffsetExtensions.SetTime(System.DateTimeOffset,System.Int32)">
            <summary>
            Returns the original <see cref="T:System.DateTimeOffset"/> with Hour part changed to supplied hour parameter.
            </summary>
        </member>
        <member name="M:FluentDateTimeOffset.DateTimeOffsetExtensions.SetTime(System.DateTimeOffset,System.Int32,System.Int32)">
            <summary>
            Returns the original <see cref="T:System.DateTimeOffset"/> with Hour and Minute parts changed to supplied hour and minute parameters.
            </summary>
        </member>
        <member name="M:FluentDateTimeOffset.DateTimeOffsetExtensions.SetTime(System.DateTimeOffset,System.Int32,System.Int32,System.Int32)">
            <summary>
            Returns the original <see cref="T:System.DateTimeOffset"/> with Hour, Minute and Second parts changed to supplied hour, minute and second parameters.
            </summary>
        </member>
        <member name="M:FluentDateTimeOffset.DateTimeOffsetExtensions.SetTime(System.DateTimeOffset,System.Int32,System.Int32,System.Int32,System.Int32)">
            <summary>
            Returns the original <see cref="T:System.DateTimeOffset"/> with Hour, Minute, Second and Millisecond parts changed to supplied hour, minute, second and millisecond parameters.
            </summary>
        </member>
        <member name="M:FluentDateTimeOffset.DateTimeOffsetExtensions.SetHour(System.DateTimeOffset,System.Int32)">
            <summary>
            Returns <see cref="T:System.DateTimeOffset"/> with changed Hour part.
            </summary>
        </member>
        <member name="M:FluentDateTimeOffset.DateTimeOffsetExtensions.SetMinute(System.DateTimeOffset,System.Int32)">
            <summary>
            Returns <see cref="T:System.DateTimeOffset"/> with changed Minute part.
            </summary>
        </member>
        <member name="M:FluentDateTimeOffset.DateTimeOffsetExtensions.SetSecond(System.DateTimeOffset,System.Int32)">
            <summary>
            Returns <see cref="T:System.DateTimeOffset"/> with changed Second part.
            </summary>
        </member>
        <member name="M:FluentDateTimeOffset.DateTimeOffsetExtensions.SetMillisecond(System.DateTimeOffset,System.Int32)">
            <summary>
            Returns <see cref="T:System.DateTimeOffset"/> with changed Millisecond part.
            </summary>
        </member>
        <member name="M:FluentDateTimeOffset.DateTimeOffsetExtensions.Midnight(System.DateTimeOffset)">
            <summary>
            Returns original <see cref="T:System.DateTimeOffset"/> value with time part set to midnight (alias for <see cref="M:FluentDateTimeOffset.DateTimeOffsetExtensions.BeginningOfDay(System.DateTimeOffset)"/> method).
            </summary>
        </member>
        <member name="M:FluentDateTimeOffset.DateTimeOffsetExtensions.Noon(System.DateTimeOffset)">
            <summary>
            Returns original <see cref="T:System.DateTimeOffset"/> value with time part set to Noon (12:00:00h).
            </summary>
            <param name="value">The <see cref="T:System.DateTimeOffset"/> find Noon for.</param>
            <returns>A <see cref="T:System.DateTimeOffset"/> value with time part set to Noon (12:00:00h).</returns>
        </member>
        <member name="M:FluentDateTimeOffset.DateTimeOffsetExtensions.SetDate(System.DateTimeOffset,System.Int32)">
            <summary>
            Returns <see cref="T:System.DateTimeOffset"/> with changed Year part.
            </summary>
        </member>
        <member name="M:FluentDateTimeOffset.DateTimeOffsetExtensions.SetDate(System.DateTimeOffset,System.Int32,System.Int32)">
            <summary>
            Returns <see cref="T:System.DateTimeOffset"/> with changed Year and Month part.
            </summary>
        </member>
        <member name="M:FluentDateTimeOffset.DateTimeOffsetExtensions.SetDate(System.DateTimeOffset,System.Int32,System.Int32,System.Int32)">
            <summary>
            Returns <see cref="T:System.DateTimeOffset"/> with changed Year, Month and Day part.
            </summary>
        </member>
        <member name="M:FluentDateTimeOffset.DateTimeOffsetExtensions.SetYear(System.DateTimeOffset,System.Int32)">
            <summary>
            Returns <see cref="T:System.DateTimeOffset"/> with changed Year part.
            </summary>
        </member>
        <member name="M:FluentDateTimeOffset.DateTimeOffsetExtensions.SetMonth(System.DateTimeOffset,System.Int32)">
            <summary>
            Returns <see cref="T:System.DateTimeOffset"/> with changed Month part.
            </summary>
        </member>
        <member name="M:FluentDateTimeOffset.DateTimeOffsetExtensions.SetDay(System.DateTimeOffset,System.Int32)">
            <summary>
            Returns <see cref="T:System.DateTimeOffset"/> with changed Day part.
            </summary>
        </member>
        <member name="M:FluentDateTimeOffset.DateTimeOffsetExtensions.IsBefore(System.DateTimeOffset,System.DateTimeOffset)">
            <summary>
            Determines whether the specified <see cref="T:System.DateTimeOffset"/> is before then current value.
            </summary>
            <param name="current">The current value.</param>
            <param name="toCompareWith">Value to compare with.</param>
            <returns>
            	<c>true</c> if the specified current is before; otherwise, <c>false</c>.
            </returns>
        </member>
        <member name="M:FluentDateTimeOffset.DateTimeOffsetExtensions.IsAfter(System.DateTimeOffset,System.DateTimeOffset)">
            <summary>
            Determines whether the specified <see cref="T:System.DateTimeOffset"/> value is After then current value.
            </summary>
            <param name="current">The current value.</param>
            <param name="toCompareWith">Value to compare with.</param>
            <returns>
            	<c>true</c> if the specified current is after; otherwise, <c>false</c>.
            </returns>
        </member>
        <member name="M:FluentDateTimeOffset.DateTimeOffsetExtensions.At(System.DateTimeOffset,System.Int32,System.Int32)">
            <summary>
            Returns the given <see cref="T:System.DateTimeOffset"/> with hour and minutes set At given values.
            </summary>
            <param name="current">The current <see cref="T:System.DateTimeOffset"/> to be changed.</param>
            <param name="hour">The hour to set time to.</param>
            <param name="minute">The minute to set time to.</param>
            <returns><see cref="T:System.DateTimeOffset"/> with hour and minute set to given values.</returns>
        </member>
        <member name="M:FluentDateTimeOffset.DateTimeOffsetExtensions.At(System.DateTimeOffset,System.Int32,System.Int32,System.Int32)">
            <summary>
            Returns the given <see cref="T:System.DateTimeOffset"/> with hour and minutes and seconds set At given values.
            </summary>
            <param name="current">The current <see cref="T:System.DateTimeOffset"/> to be changed.</param>
            <param name="hour">The hour to set time to.</param>
            <param name="minute">The minute to set time to.</param>
            <param name="second">The second to set time to.</param>
            <returns><see cref="T:System.DateTimeOffset"/> with hour and minutes and seconds set to given values.</returns>
        </member>
        <member name="M:FluentDateTimeOffset.DateTimeOffsetExtensions.At(System.DateTimeOffset,System.Int32,System.Int32,System.Int32,System.Int32)">
            <summary>
            Returns the given <see cref="T:System.DateTimeOffset"/> with hour and minutes and seconds and milliseconds set At given values.
            </summary>
            <param name="current">The current <see cref="T:System.DateTimeOffset"/> to be changed.</param>
            <param name="hour">The hour to set time to.</param>
            <param name="minute">The minute to set time to.</param>
            <param name="second">The second to set time to.</param>
            <param name="milliseconds">The milliseconds to set time to.</param>
            <returns><see cref="T:System.DateTimeOffset"/> with hour and minutes and seconds set to given values.</returns>
        </member>
        <member name="M:FluentDateTimeOffset.DateTimeOffsetExtensions.FirstDayOfQuarter(System.DateTimeOffset)">
            <summary>
            Sets the day of the <see cref="T:System.DateTimeOffset"/> to the first day in that calendar quarter.
            credit to http://www.devcurry.com/2009/05/find-first-and-last-day-of-current.html
            </summary>
            <param name="current"></param>
            <returns>given <see cref="T:System.DateTimeOffset"/> with the day part set to the first day in the quarter.</returns>
        </member>
        <member name="M:FluentDateTimeOffset.DateTimeOffsetExtensions.FirstDayOfMonth(System.DateTimeOffset)">
            <summary>
            Sets the day of the <see cref="T:System.DateTimeOffset"/> to the first day in that month.
            </summary>
            <param name="current">The current <see cref="T:System.DateTimeOffset"/> to be changed.</param>
            <returns>given <see cref="T:System.DateTimeOffset"/> with the day part set to the first day in that month.</returns>
        </member>
        <member name="M:FluentDateTimeOffset.DateTimeOffsetExtensions.LastDayOfQuarter(System.DateTimeOffset)">
            <summary>
            Sets the day of the <see cref="T:System.DateTimeOffset"/> to the last day in that calendar quarter.
            credit to http://www.devcurry.com/2009/05/find-first-and-last-day-of-current.html
            </summary>
            <param name="current"></param>
            <returns>given <see cref="T:System.DateTimeOffset"/> with the day part set to the last day in the quarter.</returns>
        </member>
        <member name="M:FluentDateTimeOffset.DateTimeOffsetExtensions.LastDayOfMonth(System.DateTimeOffset)">
            <summary>
            Sets the day of the <see cref="T:System.DateTimeOffset"/> to the last day in that month.
            </summary>
            <param name="current">The current DateTimeOffset to be changed.</param>
            <returns>given <see cref="T:System.DateTimeOffset"/> with the day part set to the last day in that month.</returns>
        </member>
        <member name="M:FluentDateTimeOffset.DateTimeOffsetExtensions.AddBusinessDays(System.DateTimeOffset,System.Int32)">
            <summary>
            Adds the given number of business days to the <see cref="T:System.DateTimeOffset"/>.
            </summary>
            <param name="current">The date to be changed.</param>
            <param name="days">Number of business days to be added.</param>
            <returns>A <see cref="T:System.DateTimeOffset"/> increased by a given number of business days.</returns>
        </member>
        <member name="M:FluentDateTimeOffset.DateTimeOffsetExtensions.SubtractBusinessDays(System.DateTimeOffset,System.Int32)">
            <summary>
            Subtracts the given number of business days to the <see cref="T:System.DateTimeOffset"/>.
            </summary>
            <param name="current">The date to be changed.</param>
            <param name="days">Number of business days to be subtracted.</param>
            <returns>A <see cref="T:System.DateTimeOffset"/> increased by a given number of business days.</returns>
        </member>
        <member name="M:FluentDateTimeOffset.DateTimeOffsetExtensions.IsInFuture(System.DateTimeOffset)">
            <summary>
            Determine if a <see cref="T:System.DateTimeOffset"/> is in the future.
            </summary>
            <param name="dateTime">The date to be checked.</param>
            <returns><c>true</c> if <paramref name="dateTime"/> is in the future; otherwise <c>false</c>.</returns>
        </member>
        <member name="M:FluentDateTimeOffset.DateTimeOffsetExtensions.IsInPast(System.DateTimeOffset)">
            <summary>
            Determine if a <see cref="T:System.DateTimeOffset"/> is in the past.
            </summary>
            <param name="dateTime">The date to be checked.</param>
            <returns><c>true</c> if <paramref name="dateTime"/> is in the past; otherwise <c>false</c>.</returns>
        </member>
        <member name="M:FluentDateTimeOffset.DateTimeOffsetExtensions.Round(System.DateTimeOffset,FluentDate.RoundTo)">
            <summary>
            Rounds <paramref name="dateTime"/> to the nearest <see cref="T:FluentDate.RoundTo"/>.
            </summary>
            <returns>The rounded <see cref="T:System.DateTimeOffset"/>.</returns>
        </member>
        <member name="M:FluentDateTimeOffset.DateTimeOffsetExtensions.FirstDayOfWeek(System.DateTimeOffset)">
            <summary>
            Returns a DateTimeOffset adjusted to the beginning of the week.
            </summary>
            <param name="dateTime">The DateTimeOffset to adjust</param>
            <returns>A DateTimeOffset instance adjusted to the beginning of the current week</returns>
            <remarks>the beginning of the week is controlled by the current Culture</remarks>
        </member>
        <member name="M:FluentDateTimeOffset.DateTimeOffsetExtensions.StartOfWeek(System.DateTimeOffset)">
            <summary>
            Obsolete. This method has been renamed to FirstDayOfWeek to be more consistent with existing conventions.
            </summary>
            <param name="dateTime"></param>
            <returns></returns>
        </member>
        <member name="M:FluentDateTimeOffset.DateTimeOffsetExtensions.FirstDayOfYear(System.DateTimeOffset)">
            <summary>
            Returns the first day of the year keeping the time component intact. Eg, 2011-02-04T06:40:20.005 => 2011-01-01T06:40:20.005
            </summary>
            <param name="current">The DateTimeOffset to adjust</param>
            <returns></returns>
        </member>
        <member name="M:FluentDateTimeOffset.DateTimeOffsetExtensions.LastDayOfWeek(System.DateTimeOffset)">
            <summary>
            Returns the last day of the week keeping the time component intact. Eg, 2011-12-24T06:40:20.005 => 2011-12-25T06:40:20.005
            </summary>
            <param name="current">The DateTimeOffset to adjust</param>
            <returns></returns>
        </member>
        <member name="M:FluentDateTimeOffset.DateTimeOffsetExtensions.LastDayOfYear(System.DateTimeOffset)">
            <summary>
            Returns the last day of the year keeping the time component intact. Eg, 2011-12-24T06:40:20.005 => 2011-12-31T06:40:20.005
            </summary>
            <param name="current">The DateTimeOffset to adjust</param>
            <returns></returns>
        </member>
        <member name="M:FluentDateTimeOffset.DateTimeOffsetExtensions.PreviousMonth(System.DateTimeOffset)">
            <summary>
            Returns the previous month keeping the time component intact. Eg, 2010-01-20T06:40:20.005 => 2009-12-20T06:40:20.005
            If the previous month doesn't have that many days the last day of the previous month is used. Eg, 2009-03-31T06:40:20.005 => 2009-02-28T06:40:20.005
            </summary>
            <param name="current">The DateTimeOffset to adjust</param>
            <returns></returns>
        </member>
        <member name="M:FluentDateTimeOffset.DateTimeOffsetExtensions.NextMonth(System.DateTimeOffset)">
            <summary>
            Returns the next month keeping the time component intact. Eg, 2012-12-05T06:40:20.005 => 2013-01-05T06:40:20.005
            If the next month doesn't have that many days the last day of the next month is used. Eg, 2013-01-31T06:40:20.005 => 2013-02-28T06:40:20.005
            </summary>
            <param name="current">The DateTimeOffset to adjust</param>
            <returns></returns>
        </member>
        <member name="M:FluentDateTimeOffset.DateTimeOffsetExtensions.SameDay(System.DateTimeOffset,System.DateTimeOffset)">
            <summary>
            Determines whether the specified <see cref="T:System.DateTimeOffset"/> value is exactly the same day (day + month + year) then current
            </summary>
            <param name="current">The current value</param>
            <param name="date">Value to compare with</param>
            <returns>
            	<c>true</c> if the specified date is exactly the same year then current; otherwise, <c>false</c>.
            </returns>
        </member>
        <member name="M:FluentDateTimeOffset.DateTimeOffsetExtensions.SameMonth(System.DateTimeOffset,System.DateTimeOffset)">
            <summary>
            Determines whether the specified <see cref="T:System.DateTimeOffset"/> value is exactly the same month (month + year) then current. Eg, 2015-12-01 and 2014-12-01 => False
            </summary>
            <param name="current">The current value</param>
            <param name="date">Value to compare with</param>
            <returns>
            	<c>true</c> if the specified date is exactly the same month and year then current; otherwise, <c>false</c>.
            </returns>
        </member>
        <member name="M:FluentDateTimeOffset.DateTimeOffsetExtensions.SameYear(System.DateTimeOffset,System.DateTimeOffset)">
            <summary>
            Determines whether the specified <see cref="T:System.DateTimeOffset"/> value is exactly the same year then current. Eg, 2015-12-01 and 2015-01-01 => True
            </summary>
            <param name="current">The current value</param>
            <param name="date">Value to compare with</param>
            <returns>
            	<c>true</c> if the specified date is exactly the same date then current; otherwise, <c>false</c>.
            </returns>
        </member>
        <member name="T:FluentDateTimeOffset.TimeSpanOffsetExtensions">
            <summary>
            Static class containing Fluent <see cref="T:System.TimeSpan"/> extension methods.
            </summary>
        </member>
        <member name="M:FluentDateTimeOffset.TimeSpanOffsetExtensions.Ago(System.TimeSpan)">
            <summary>
            Subtracts given <see cref="T:System.TimeSpan"/> from current date (<see cref="P:System.DateTime.Now"/>) and returns resulting <see cref="T:System.DateTime"/> in the past.
            </summary>
        </member>
        <member name="M:FluentDateTimeOffset.TimeSpanOffsetExtensions.Ago(FluentDate.FluentTimeSpan)">
            <summary>
            Subtracts given <see cref="T:FluentDate.FluentTimeSpan"/> from current date (<see cref="P:System.DateTimeOffset.Now"/>) and returns resulting <see cref="T:System.DateTime"/> in the past.
            </summary>
        </member>
        <member name="M:FluentDateTimeOffset.TimeSpanOffsetExtensions.Ago(System.TimeSpan,System.DateTimeOffset)">
            <summary>
            Subtracts given <see cref="T:System.TimeSpan"/> from <paramref name="originalValue"/> <see cref="T:System.DateTime"/> and returns resulting <see cref="T:System.DateTime"/> in the past.
            </summary>
        </member>
        <member name="M:FluentDateTimeOffset.TimeSpanOffsetExtensions.Ago(FluentDate.FluentTimeSpan,System.DateTimeOffset)">
            <summary>
            Subtracts given <see cref="T:System.TimeSpan"/> from <paramref name="originalValue"/> <see cref="T:System.DateTime"/> and returns resulting <see cref="T:System.DateTime"/> in the past.
            </summary>
        </member>
        <member name="M:FluentDateTimeOffset.TimeSpanOffsetExtensions.Before(System.TimeSpan,System.DateTimeOffset)">
            <summary>
            Subtracts given <see cref="T:System.TimeSpan"/> from <paramref name="originalValue"/> <see cref="T:System.DateTime"/> and returns resulting <see cref="T:System.DateTime"/> in the past.
            </summary>
        </member>
        <member name="M:FluentDateTimeOffset.TimeSpanOffsetExtensions.Before(FluentDate.FluentTimeSpan,System.DateTimeOffset)">
            <summary>
            Subtracts given <see cref="T:System.TimeSpan"/> from <paramref name="originalValue"/> <see cref="T:System.DateTime"/> and returns resulting <see cref="T:System.DateTime"/> in the past.
            </summary>
        </member>
        <member name="M:FluentDateTimeOffset.TimeSpanOffsetExtensions.FromNow(System.TimeSpan)">
            <summary>
            Adds given <see cref="T:System.TimeSpan"/> to current <see cref="P:System.DateTime.Now"/> and returns resulting <see cref="T:System.DateTime"/> in the future.
            </summary>
        </member>
        <member name="M:FluentDateTimeOffset.TimeSpanOffsetExtensions.FromNow(FluentDate.FluentTimeSpan)">
            <summary>
            Adds given <see cref="T:System.TimeSpan"/> to current <see cref="P:System.DateTime.Now"/> and returns resulting <see cref="T:System.DateTime"/> in the future.
            </summary>
        </member>
        <member name="M:FluentDateTimeOffset.TimeSpanOffsetExtensions.From(System.TimeSpan,System.DateTimeOffset)">
            <summary>
            Adds given <see cref="T:System.TimeSpan"/> to supplied <paramref name="originalValue"/> <see cref="T:System.DateTime"/> and returns resulting <see cref="T:System.DateTime"/> in the future.
            </summary>
        </member>
        <member name="M:FluentDateTimeOffset.TimeSpanOffsetExtensions.From(FluentDate.FluentTimeSpan,System.DateTimeOffset)">
            <summary>
            Adds given <see cref="T:System.TimeSpan"/> to supplied <paramref name="originalValue"/> <see cref="T:System.DateTime"/> and returns resulting <see cref="T:System.DateTime"/> in the future.
            </summary>
        </member>
        <member name="M:FluentDateTimeOffset.TimeSpanOffsetExtensions.Since(System.TimeSpan,System.DateTimeOffset)">
            <summary>
            Adds given <see cref="T:System.TimeSpan"/> to supplied <paramref name="originalValue"/> <see cref="T:System.DateTime"/> and returns resulting <see cref="T:System.DateTime"/> in the future.
            </summary>
            <seealso cref="M:FluentDateTimeOffset.TimeSpanOffsetExtensions.From(System.TimeSpan,System.DateTimeOffset)"/>
            <remarks>
            Synonym of <see cref="M:FluentDateTimeOffset.TimeSpanOffsetExtensions.From(System.TimeSpan,System.DateTimeOffset)"/> method.
            </remarks>
        </member>
        <member name="M:FluentDateTimeOffset.TimeSpanOffsetExtensions.Since(FluentDate.FluentTimeSpan,System.DateTimeOffset)">
            <summary>
            Adds given <see cref="T:System.TimeSpan"/> to supplied <paramref name="originalValue"/> <see cref="T:System.DateTime"/> and returns resulting <see cref="T:System.DateTime"/> in the future.
            </summary>
            <seealso cref="M:FluentDateTimeOffset.TimeSpanOffsetExtensions.From(System.TimeSpan,System.DateTimeOffset)"/>
            <remarks>
            Synonym of <see cref="M:FluentDateTimeOffset.TimeSpanOffsetExtensions.From(System.TimeSpan,System.DateTimeOffset)"/> method.
            </remarks>
        </member>
        <member name="M:FluentDateTimeOffset.TimeSpanOffsetExtensions.ToDisplayString(FluentDate.FluentTimeSpan)">
            <summary>
            Convert a <see cref="T:System.TimeSpan"/> to a human readable string.
            </summary>
            <param name="timeSpan">The <see cref="T:System.TimeSpan"/> to convert</param>
            <returns>A human readable string for <paramref name="timeSpan"/></returns>
        </member>
        <member name="M:FluentDateTimeOffset.TimeSpanOffsetExtensions.ToDisplayString(System.TimeSpan)">
            <summary>
            Convert a <see cref="T:System.TimeSpan"/> to a human readable string.
            </summary>
            <param name="timeSpan">The <see cref="T:System.TimeSpan"/> to convert</param>
            <returns>A human readable string for <paramref name="timeSpan"/></returns>
        </member>
        <member name="M:FluentDateTimeOffset.TimeSpanOffsetExtensions.Round(System.TimeSpan,FluentDate.RoundTo)">
            <summary>
            Rounds <paramref name="timeSpan"/> to the nearest <see cref="T:FluentDate.RoundTo"/>.
            </summary>
            <returns>The rounded <see cref="T:System.TimeSpan"/>.</returns>
        </member>
        <member name="T:FluentDateTime.DateTimeExtensions">
            <summary>
            Static class containing Fluent <see cref="T:System.DateTime"/> extension methods.
            </summary>
        </member>
        <member name="M:FluentDateTime.DateTimeExtensions.AddFluentTimeSpan(System.DateTime,FluentDate.FluentTimeSpan)">
            <summary>
            Returns a new <see cref="T:System.DateTime"/> that adds the value of the specified <see cref="T:FluentDate.FluentTimeSpan"/> to the value of this instance.
            </summary>
        </member>
        <member name="M:FluentDateTime.DateTimeExtensions.SubtractFluentTimeSpan(System.DateTime,FluentDate.FluentTimeSpan)">
            <summary>
            Returns a new <see cref="T:System.DateTime"/> that subtracts the value of the specified <see cref="T:FluentDate.FluentTimeSpan"/> to the value of this instance.
            </summary>
        </member>
        <member name="M:FluentDateTime.DateTimeExtensions.EndOfDay(System.DateTime)">
            <summary>
            Returns the very end of the given day (the last millisecond of the last hour for the given <see cref="T:System.DateTime"/>).
            </summary>
        </member>
        <member name="M:FluentDateTime.DateTimeExtensions.EndOfDay(System.DateTime,System.Int32)">
            <summary>
            Returns the timezone-adjusted very end of the given day (the last millisecond of the last hour for the given <see cref="T:System.DateTime"/>).
            </summary>
        </member>
        <member name="M:FluentDateTime.DateTimeExtensions.EndOfWeek(System.DateTime)">
            <summary>
            Returns the last day of the week changing the time to the very end of the day. Eg, 2011-12-24T06:40:20.005 => 2011-12-25T23:59:59.999
            </summary>
        </member>
        <member name="M:FluentDateTime.DateTimeExtensions.EndOfWeek(System.DateTime,System.Int32)">
            <summary>
            Returns the last day of the week changing the time to the very end of the day with timezone-ajusted. Eg, 2011-12-24T06:40:20.005 => 2011-12-25T23:59:59.999
            </summary>
        </member>
        <member name="M:FluentDateTime.DateTimeExtensions.EndOfMonth(System.DateTime)">
            <summary>
            Returns the last day of the month changing the time to the very end of the day. Eg, 2011-12-24T06:40:20.005 => 2011-12-31T23:59:59.999
            </summary>
        </member>
        <member name="M:FluentDateTime.DateTimeExtensions.EndOfMonth(System.DateTime,System.Int32)">
            <summary>
            Returns the last day of the month changing the time to the very end of the day with timezone-ajusted. Eg, 2011-12-24T06:40:20.005 => 2011-12-31T23:59:59.999
            </summary>
        </member>
        <member name="M:FluentDateTime.DateTimeExtensions.EndOfQuarter(System.DateTime)">
            <summary>
            Returns the last day of the quarter changing the time to the very end of the day. Eg, 2011-12-24T06:40:20.005 => 2011-12-31T23:59:59.999
            </summary>
        </member>
        <member name="M:FluentDateTime.DateTimeExtensions.EndOfQuarter(System.DateTime,System.Int32)">
            <summary>
            Returns the last day of the quarter changing the time to the very end of the day with timezone-ajusted. Eg, 2011-12-24T06:40:20.005 => 2011-12-31T23:59:59.999
            </summary>
        </member>
        <member name="M:FluentDateTime.DateTimeExtensions.EndOfYear(System.DateTime)">
            <summary>
            Returns the last day of the year changing the time to the very end of the day. Eg, 2011-12-24T06:40:20.005 => 2011-12-31T23:59:59.999
            </summary>
        </member>
        <member name="M:FluentDateTime.DateTimeExtensions.EndOfYear(System.DateTime,System.Int32)">
            <summary>
            Returns the last day of the year changing the time to the very end of the day with timezone-ajusted. Eg, 2011-12-24T06:40:20.005 => 2011-12-31T23:59:59.999
            </summary>
        </member>
        <member name="M:FluentDateTime.DateTimeExtensions.BeginningOfDay(System.DateTime)">
            <summary>
            Returns the Start of the given day (the first millisecond of the given <see cref="T:System.DateTime"/>).
            </summary>
        </member>
        <member name="M:FluentDateTime.DateTimeExtensions.BeginningOfDay(System.DateTime,System.Int32)">
            <summary>
            Returns the timezone-adjusted Start of the given day (the first millisecond of the given <see cref="T:System.DateTime"/>).
            </summary>
        </member>
        <member name="M:FluentDateTime.DateTimeExtensions.BeginningOfWeek(System.DateTime)">
            <summary>
            Returns the Start day of the week changing the time to the very start of the day. Eg, 2011-12-24T06:40:20.005 => 2011-12-19T00:00:00.000. <see cref="T:System.DateTime"/>
            </summary>
        </member>
        <member name="M:FluentDateTime.DateTimeExtensions.BeginningOfWeek(System.DateTime,System.Int32)">
            <summary>
            Returns the Start day of the week changing the time to the very start of the day with timezone-ajusted. Eg, 2011-12-24T06:40:20.005 => 2011-12-19T00:00:00.000. <see cref="T:System.DateTime"/>
            </summary>
        </member>
        <member name="M:FluentDateTime.DateTimeExtensions.BeginningOfMonth(System.DateTime)">
            <summary>
            Returns the Start day of the month changing the time to the very start of the day. Eg, 2011-12-24T06:40:20.005 => 2011-12-01T00:00:00.000. <see cref="T:System.DateTime"/>
            </summary>
        </member>
        <member name="M:FluentDateTime.DateTimeExtensions.BeginningOfMonth(System.DateTime,System.Int32)">
            <summary>
            Returns the Start day of the month changing the time to the very start of the day with timezone-ajusted. Eg, 2011-12-24T06:40:20.005 => 2011-12-01T00:00:00.000. <see cref="T:System.DateTime"/>
            </summary>
        </member>
        <member name="M:FluentDateTime.DateTimeExtensions.BeginningOfQuarter(System.DateTime)">
            <summary>
            Returns the Start day of the quarter changing the time to the very start of the day. Eg, 2011-12-24T06:40:20.005 => 2011-10-01T00:00:00.000. <see cref="T:System.DateTime"/>
            </summary>
        </member>
        <member name="M:FluentDateTime.DateTimeExtensions.BeginningOfQuarter(System.DateTime,System.Int32)">
            <summary>
            Returns the Start day of the quarter changing the time to the very start of the day with timezone-ajusted. Eg, 2011-12-24T06:40:20.005 => 2011-10-01T00:00:00.000. <see cref="T:System.DateTime"/>
            </summary>
        </member>
        <member name="M:FluentDateTime.DateTimeExtensions.BeginningOfYear(System.DateTime)">
            <summary>
            Returns the Start day of the year changing the time to the very start of the day. Eg, 2011-12-24T06:40:20.005 => 2011-01-01T00:00:00.000. <see cref="T:System.DateTime"/>
            </summary>
        </member>
        <member name="M:FluentDateTime.DateTimeExtensions.BeginningOfYear(System.DateTime,System.Int32)">
            <summary>
            Returns the Start day of the year changing the time to the very start of the day with timezone-ajusted. Eg, 2011-12-24T06:40:20.005 => 2011-01-01T00:00:00.000. <see cref="T:System.DateTime"/>
            </summary>
        </member>
        <member name="M:FluentDateTime.DateTimeExtensions.NextYear(System.DateTime)">
            <summary>
            Returns the same date (same Day, Month, Hour, Minute, Second etc) in the next calendar year.
            If that day does not exist in next year in same month, number of missing days is added to the last day in same month next year.
            </summary>
        </member>
        <member name="M:FluentDateTime.DateTimeExtensions.PreviousYear(System.DateTime)">
            <summary>
            Returns the same date (same Day, Month, Hour, Minute, Second etc) in the previous calendar year.
            If that day does not exist in previous year in same month, number of missing days is added to the last day in same month previous year.
            </summary>
        </member>
        <member name="M:FluentDateTime.DateTimeExtensions.NextDay(System.DateTime)">
            <summary>
            Returns <see cref="T:System.DateTime"/> increased by 24 hours ie Next Day.
            </summary>
        </member>
        <member name="M:FluentDateTime.DateTimeExtensions.PreviousDay(System.DateTime)">
            <summary>
            Returns <see cref="T:System.DateTime"/> decreased by 24h period ie Previous Day.
            </summary>
        </member>
        <member name="M:FluentDateTime.DateTimeExtensions.Next(System.DateTime,System.DayOfWeek)">
            <summary>
            Returns first next occurrence of specified <see cref="T:System.DayOfWeek"/>.
            </summary>
        </member>
        <member name="M:FluentDateTime.DateTimeExtensions.Previous(System.DateTime,System.DayOfWeek)">
            <summary>
            Returns first next occurrence of specified <see cref="T:System.DayOfWeek"/>.
            </summary>
        </member>
        <member name="M:FluentDateTime.DateTimeExtensions.WeekAfter(System.DateTime)">
            <summary>
            Increases supplied <see cref="T:System.DateTime"/> for 7 days ie returns the Next Week.
            </summary>
        </member>
        <member name="M:FluentDateTime.DateTimeExtensions.WeekEarlier(System.DateTime)">
            <summary>
            Decreases supplied <see cref="T:System.DateTime"/> for 7 days ie returns the Previous Week.
            </summary>
        </member>
        <member name="M:FluentDateTime.DateTimeExtensions.IncreaseTime(System.DateTime,System.TimeSpan)">
            <summary>
            Increases the <see cref="T:System.DateTime"/> object with given <see cref="T:System.TimeSpan"/> value.
            </summary>
        </member>
        <member name="M:FluentDateTime.DateTimeExtensions.DecreaseTime(System.DateTime,System.TimeSpan)">
            <summary>
            Decreases the <see cref="T:System.DateTime"/> object with given <see cref="T:System.TimeSpan"/> value.
            </summary>
        </member>
        <member name="M:FluentDateTime.DateTimeExtensions.SetTime(System.DateTime,System.Int32)">
            <summary>
            Returns the original <see cref="T:System.DateTime"/> with Hour part changed to supplied hour parameter.
            </summary>
        </member>
        <member name="M:FluentDateTime.DateTimeExtensions.SetTime(System.DateTime,System.Int32,System.Int32)">
            <summary>
            Returns the original <see cref="T:System.DateTime"/> with Hour and Minute parts changed to supplied hour and minute parameters.
            </summary>
        </member>
        <member name="M:FluentDateTime.DateTimeExtensions.SetTime(System.DateTime,System.Int32,System.Int32,System.Int32)">
            <summary>
            Returns the original <see cref="T:System.DateTime"/> with Hour, Minute and Second parts changed to supplied hour, minute and second parameters.
            </summary>
        </member>
        <member name="M:FluentDateTime.DateTimeExtensions.SetTime(System.DateTime,System.Int32,System.Int32,System.Int32,System.Int32)">
            <summary>
            Returns the original <see cref="T:System.DateTime"/> with Hour, Minute, Second and Millisecond parts changed to supplied hour, minute, second and millisecond parameters.
            </summary>
        </member>
        <member name="M:FluentDateTime.DateTimeExtensions.SetHour(System.DateTime,System.Int32)">
            <summary>
            Returns <see cref="T:System.DateTime"/> with changed Hour part.
            </summary>
        </member>
        <member name="M:FluentDateTime.DateTimeExtensions.SetMinute(System.DateTime,System.Int32)">
            <summary>
            Returns <see cref="T:System.DateTime"/> with changed Minute part.
            </summary>
        </member>
        <member name="M:FluentDateTime.DateTimeExtensions.SetSecond(System.DateTime,System.Int32)">
            <summary>
            Returns <see cref="T:System.DateTime"/> with changed Second part.
            </summary>
        </member>
        <member name="M:FluentDateTime.DateTimeExtensions.SetMillisecond(System.DateTime,System.Int32)">
            <summary>
            Returns <see cref="T:System.DateTime"/> with changed Millisecond part.
            </summary>
        </member>
        <member name="M:FluentDateTime.DateTimeExtensions.Midnight(System.DateTime)">
            <summary>
            Returns original <see cref="T:System.DateTime"/> value with time part set to midnight (alias for <see cref="M:FluentDateTime.DateTimeExtensions.BeginningOfDay(System.DateTime)"/> method).
            </summary>
        </member>
        <member name="M:FluentDateTime.DateTimeExtensions.Noon(System.DateTime)">
            <summary>
            Returns original <see cref="T:System.DateTime"/> value with time part set to Noon (12:00:00h).
            </summary>
            <param name="value">The <see cref="T:System.DateTime"/> find Noon for.</param>
            <returns>A <see cref="T:System.DateTime"/> value with time part set to Noon (12:00:00h).</returns>
        </member>
        <member name="M:FluentDateTime.DateTimeExtensions.SetDate(System.DateTime,System.Int32)">
            <summary>
            Returns <see cref="T:System.DateTime"/> with changed Year part.
            </summary>
        </member>
        <member name="M:FluentDateTime.DateTimeExtensions.SetDate(System.DateTime,System.Int32,System.Int32)">
            <summary>
            Returns <see cref="T:System.DateTime"/> with changed Year and Month part.
            </summary>
        </member>
        <member name="M:FluentDateTime.DateTimeExtensions.SetDate(System.DateTime,System.Int32,System.Int32,System.Int32)">
            <summary>
            Returns <see cref="T:System.DateTime"/> with changed Year, Month and Day part.
            </summary>
        </member>
        <member name="M:FluentDateTime.DateTimeExtensions.SetYear(System.DateTime,System.Int32)">
            <summary>
            Returns <see cref="T:System.DateTime"/> with changed Year part.
            </summary>
        </member>
        <member name="M:FluentDateTime.DateTimeExtensions.SetMonth(System.DateTime,System.Int32)">
            <summary>
            Returns <see cref="T:System.DateTime"/> with changed Month part.
            </summary>
        </member>
        <member name="M:FluentDateTime.DateTimeExtensions.SetDay(System.DateTime,System.Int32)">
            <summary>
            Returns <see cref="T:System.DateTime"/> with changed Day part.
            </summary>
        </member>
        <member name="M:FluentDateTime.DateTimeExtensions.IsBefore(System.DateTime,System.DateTime)">
            <summary>
            Determines whether the specified <see cref="T:System.DateTime"/> is before then current value.
            </summary>
            <param name="current">The current value.</param>
            <param name="toCompareWith">Value to compare with.</param>
            <returns>
            	<c>true</c> if the specified current is before; otherwise, <c>false</c>.
            </returns>
        </member>
        <member name="M:FluentDateTime.DateTimeExtensions.IsAfter(System.DateTime,System.DateTime)">
            <summary>
            Determines whether the specified <see cref="T:System.DateTime"/> value is After then current value.
            </summary>
            <param name="current">The current value.</param>
            <param name="toCompareWith">Value to compare with.</param>
            <returns>
            	<c>true</c> if the specified current is after; otherwise, <c>false</c>.
            </returns>
        </member>
        <member name="M:FluentDateTime.DateTimeExtensions.At(System.DateTime,System.Int32,System.Int32)">
            <summary>
            Returns the given <see cref="T:System.DateTime"/> with hour and minutes set At given values.
            </summary>
            <param name="current">The current <see cref="T:System.DateTime"/> to be changed.</param>
            <param name="hour">The hour to set time to.</param>
            <param name="minute">The minute to set time to.</param>
            <returns><see cref="T:System.DateTime"/> with hour and minute set to given values.</returns>
        </member>
        <member name="M:FluentDateTime.DateTimeExtensions.At(System.DateTime,System.Int32,System.Int32,System.Int32)">
            <summary>
            Returns the given <see cref="T:System.DateTime"/> with hour and minutes and seconds set At given values.
            </summary>
            <param name="current">The current <see cref="T:System.DateTime"/> to be changed.</param>
            <param name="hour">The hour to set time to.</param>
            <param name="minute">The minute to set time to.</param>
            <param name="second">The second to set time to.</param>
            <returns><see cref="T:System.DateTime"/> with hour and minutes and seconds set to given values.</returns>
        </member>
        <member name="M:FluentDateTime.DateTimeExtensions.At(System.DateTime,System.Int32,System.Int32,System.Int32,System.Int32)">
            <summary>
            Returns the given <see cref="T:System.DateTime"/> with hour and minutes and seconds and milliseconds set At given values.
            </summary>
            <param name="current">The current <see cref="T:System.DateTime"/> to be changed.</param>
            <param name="hour">The hour to set time to.</param>
            <param name="minute">The minute to set time to.</param>
            <param name="second">The second to set time to.</param>
            <param name="milliseconds">The milliseconds to set time to.</param>
            <returns><see cref="T:System.DateTime"/> with hour and minutes and seconds set to given values.</returns>
        </member>
        <member name="M:FluentDateTime.DateTimeExtensions.FirstDayOfQuarter(System.DateTime)">
            <summary>
            Sets the day of the <see cref="T:System.DateTime"/> to the first day in that calendar quarter.
            credit to http://www.devcurry.com/2009/05/find-first-and-last-day-of-current.html
            </summary>
            <param name="current"></param>
            <returns>given <see cref="T:System.DateTime"/> with the day part set to the first day in the quarter.</returns>
        </member>
        <member name="M:FluentDateTime.DateTimeExtensions.FirstDayOfMonth(System.DateTime)">
            <summary>
            Sets the day of the <see cref="T:System.DateTime"/> to the first day in that month.
            </summary>
            <param name="current">The current <see cref="T:System.DateTime"/> to be changed.</param>
            <returns>given <see cref="T:System.DateTime"/> with the day part set to the first day in that month.</returns>
        </member>
        <member name="M:FluentDateTime.DateTimeExtensions.LastDayOfQuarter(System.DateTime)">
            <summary>
            Sets the day of the <see cref="T:System.DateTime"/> to the last day in that calendar quarter.
            credit to http://www.devcurry.com/2009/05/find-first-and-last-day-of-current.html
            </summary>
            <param name="current"></param>
            <returns>given <see cref="T:System.DateTime"/> with the day part set to the last day in the quarter.</returns>
        </member>
        <member name="M:FluentDateTime.DateTimeExtensions.LastDayOfMonth(System.DateTime)">
            <summary>
            Sets the day of the <see cref="T:System.DateTime"/> to the last day in that month.
            </summary>
            <param name="current">The current DateTime to be changed.</param>
            <returns>given <see cref="T:System.DateTime"/> with the day part set to the last day in that month.</returns>
        </member>
        <member name="M:FluentDateTime.DateTimeExtensions.AddBusinessDays(System.DateTime,System.Int32)">
            <summary>
            Adds the given number of business days to the <see cref="T:System.DateTime"/>.
            </summary>
            <param name="current">The date to be changed.</param>
            <param name="days">Number of business days to be added.</param>
            <returns>A <see cref="T:System.DateTime"/> increased by a given number of business days.</returns>
        </member>
        <member name="M:FluentDateTime.DateTimeExtensions.SubtractBusinessDays(System.DateTime,System.Int32)">
            <summary>
            Subtracts the given number of business days to the <see cref="T:System.DateTime"/>.
            </summary>
            <param name="current">The date to be changed.</param>
            <param name="days">Number of business days to be subtracted.</param>
            <returns>A <see cref="T:System.DateTime"/> increased by a given number of business days.</returns>
        </member>
        <member name="M:FluentDateTime.DateTimeExtensions.IsInFuture(System.DateTime)">
            <summary>
            Determine if a <see cref="T:System.DateTime"/> is in the future.
            </summary>
            <param name="dateTime">The date to be checked.</param>
            <returns><c>true</c> if <paramref name="dateTime"/> is in the future; otherwise <c>false</c>.</returns>
        </member>
        <member name="M:FluentDateTime.DateTimeExtensions.IsInPast(System.DateTime)">
            <summary>
            Determine if a <see cref="T:System.DateTime"/> is in the past.
            </summary>
            <param name="dateTime">The date to be checked.</param>
            <returns><c>true</c> if <paramref name="dateTime"/> is in the past; otherwise <c>false</c>.</returns>
        </member>
        <member name="M:FluentDateTime.DateTimeExtensions.Round(System.DateTime,FluentDate.RoundTo)">
            <summary>
            Rounds <paramref name="dateTime"/> to the nearest <see cref="T:FluentDate.RoundTo"/>.
            </summary>
            <returns>The rounded <see cref="T:System.DateTime"/>.</returns>
        </member>
        <member name="M:FluentDateTime.DateTimeExtensions.FirstDayOfWeek(System.DateTime)">
            <summary>
            Returns a DateTime adjusted to the beginning of the week.
            </summary>
            <param name="dateTime">The DateTime to adjust</param>
            <returns>A DateTime instance adjusted to the beginning of the current week</returns>
            <remarks>the beginning of the week is controlled by the current Culture</remarks>
        </member>
        <member name="M:FluentDateTime.DateTimeExtensions.StartOfWeek(System.DateTime)">
            <summary>
            Obsolete. This method has been renamed to FirstDayOfWeek to be more consistent with existing conventions.
            </summary>
            <param name="dateTime"></param>
            <returns></returns>
        </member>
        <member name="M:FluentDateTime.DateTimeExtensions.FirstDayOfYear(System.DateTime)">
            <summary>
            Returns the first day of the year keeping the time component intact. Eg, 2011-02-04T06:40:20.005 => 2011-01-01T06:40:20.005
            </summary>
            <param name="current">The DateTime to adjust</param>
            <returns></returns>
        </member>
        <member name="M:FluentDateTime.DateTimeExtensions.LastDayOfWeek(System.DateTime)">
            <summary>
            Returns the last day of the week keeping the time component intact. Eg, 2011-12-24T06:40:20.005 => 2011-12-25T06:40:20.005
            </summary>
            <param name="current">The DateTime to adjust</param>
            <returns></returns>
        </member>
        <member name="M:FluentDateTime.DateTimeExtensions.LastDayOfYear(System.DateTime)">
            <summary>
            Returns the last day of the year keeping the time component intact. Eg, 2011-12-24T06:40:20.005 => 2011-12-31T06:40:20.005
            </summary>
            <param name="current">The DateTime to adjust</param>
            <returns></returns>
        </member>
        <member name="M:FluentDateTime.DateTimeExtensions.PreviousMonth(System.DateTime)">
            <summary>
            Returns the previous month keeping the time component intact. Eg, 2010-01-20T06:40:20.005 => 2009-12-20T06:40:20.005
            If the previous month doesn't have that many days the last day of the previous month is used. Eg, 2009-03-31T06:40:20.005 => 2009-02-28T06:40:20.005
            </summary>
            <param name="current">The DateTime to adjust</param>
            <returns></returns>
        </member>
        <member name="M:FluentDateTime.DateTimeExtensions.NextMonth(System.DateTime)">
            <summary>
            Returns the next month keeping the time component intact. Eg, 2012-12-05T06:40:20.005 => 2013-01-05T06:40:20.005
            If the next month doesn't have that many days the last day of the next month is used. Eg, 2013-01-31T06:40:20.005 => 2013-02-28T06:40:20.005
            </summary>
            <param name="current">The DateTime to adjust</param>
            <returns></returns>
        </member>
        <member name="M:FluentDateTime.DateTimeExtensions.SameDay(System.DateTime,System.DateTime)">
            <summary>
            Determines whether the specified <see cref="T:System.DateTime"/> value is exactly the same day (day + month + year) then current
            </summary>
            <param name="current">The current value</param>
            <param name="date">Value to compare with</param>
            <returns>
            	<c>true</c> if the specified date is exactly the same year then current; otherwise, <c>false</c>.
            </returns>
        </member>
        <member name="M:FluentDateTime.DateTimeExtensions.SameMonth(System.DateTime,System.DateTime)">
            <summary>
            Determines whether the specified <see cref="T:System.DateTime"/> value is exactly the same month (month + year) then current. Eg, 2015-12-01 and 2014-12-01 => False
            </summary>
            <param name="current">The current value</param>
            <param name="date">Value to compare with</param>
            <returns>
            	<c>true</c> if the specified date is exactly the same month and year then current; otherwise, <c>false</c>.
            </returns>
        </member>
        <member name="M:FluentDateTime.DateTimeExtensions.SameYear(System.DateTime,System.DateTime)">
            <summary>
            Determines whether the specified <see cref="T:System.DateTime"/> value is exactly the same year then current. Eg, 2015-12-01 and 2015-01-01 => True
            </summary>
            <param name="current">The current value</param>
            <param name="date">Value to compare with</param>
            <returns>
            	<c>true</c> if the specified date is exactly the same date then current; otherwise, <c>false</c>.
            </returns>
        </member>
        <member name="T:FluentDateTime.TimeSpanExtensions">
            <summary>
            Static class containing Fluent <see cref="T:System.DateTime"/> extension methods.
            </summary>
        </member>
        <member name="M:FluentDateTime.TimeSpanExtensions.Ago(System.TimeSpan)">
            <summary>
            Subtracts given <see cref="T:System.TimeSpan"/> from current date (<see cref="P:System.DateTime.Now"/>) and returns resulting <see cref="T:System.DateTime"/> in the past.
            </summary>
        </member>
        <member name="M:FluentDateTime.TimeSpanExtensions.Ago(FluentDate.FluentTimeSpan)">
            <summary>
            Subtracts given <see cref="T:FluentDate.FluentTimeSpan"/> from current date (<see cref="P:System.DateTime.Now"/>) and returns resulting <see cref="T:System.DateTime"/> in the past.
            </summary>
        </member>
        <member name="M:FluentDateTime.TimeSpanExtensions.Ago(System.TimeSpan,System.DateTime)">
            <summary>
            Subtracts given <see cref="T:System.TimeSpan"/> from <paramref name="originalValue"/> <see cref="T:System.DateTime"/> and returns resulting <see cref="T:System.DateTime"/> in the past.
            </summary>
        </member>
        <member name="M:FluentDateTime.TimeSpanExtensions.Ago(FluentDate.FluentTimeSpan,System.DateTime)">
            <summary>
            Subtracts given <see cref="T:System.TimeSpan"/> from <paramref name="originalValue"/> <see cref="T:System.DateTime"/> and returns resulting <see cref="T:System.DateTime"/> in the past.
            </summary>
        </member>
        <member name="M:FluentDateTime.TimeSpanExtensions.Before(System.TimeSpan,System.DateTime)">
            <summary>
            Subtracts given <see cref="T:System.TimeSpan"/> from <paramref name="originalValue"/> <see cref="T:System.DateTime"/> and returns resulting <see cref="T:System.DateTime"/> in the past.
            </summary>
        </member>
        <member name="M:FluentDateTime.TimeSpanExtensions.Before(FluentDate.FluentTimeSpan,System.DateTime)">
            <summary>
            Subtracts given <see cref="T:System.TimeSpan"/> from <paramref name="originalValue"/> <see cref="T:System.DateTime"/> and returns resulting <see cref="T:System.DateTime"/> in the past.
            </summary>
        </member>
        <member name="M:FluentDateTime.TimeSpanExtensions.FromNow(System.TimeSpan)">
            <summary>
            Adds given <see cref="T:System.TimeSpan"/> to current <see cref="P:System.DateTime.Now"/> and returns resulting <see cref="T:System.DateTime"/> in the future.
            </summary>
        </member>
        <member name="M:FluentDateTime.TimeSpanExtensions.FromNow(FluentDate.FluentTimeSpan)">
            <summary>
            Adds given <see cref="T:System.TimeSpan"/> to current <see cref="P:System.DateTime.Now"/> and returns resulting <see cref="T:System.DateTime"/> in the future.
            </summary>
        </member>
        <member name="M:FluentDateTime.TimeSpanExtensions.From(System.TimeSpan,System.DateTime)">
            <summary>
            Adds given <see cref="T:System.TimeSpan"/> to supplied <paramref name="originalValue"/> <see cref="T:System.DateTime"/> and returns resulting <see cref="T:System.DateTime"/> in the future.
            </summary>
        </member>
        <member name="M:FluentDateTime.TimeSpanExtensions.From(FluentDate.FluentTimeSpan,System.DateTime)">
            <summary>
            Adds given <see cref="T:System.TimeSpan"/> to supplied <paramref name="originalValue"/> <see cref="T:System.DateTime"/> and returns resulting <see cref="T:System.DateTime"/> in the future.
            </summary>
        </member>
        <member name="M:FluentDateTime.TimeSpanExtensions.Since(System.TimeSpan,System.DateTime)">
            <summary>
            Adds given <see cref="T:System.TimeSpan"/> to supplied <paramref name="originalValue"/> <see cref="T:System.DateTime"/> and returns resulting <see cref="T:System.DateTime"/> in the future.
            </summary>
            <seealso cref="M:FluentDateTime.TimeSpanExtensions.From(System.TimeSpan,System.DateTime)"/>
            <remarks>
            Synonym of <see cref="M:FluentDateTime.TimeSpanExtensions.From(System.TimeSpan,System.DateTime)"/> method.
            </remarks>
        </member>
        <member name="M:FluentDateTime.TimeSpanExtensions.Since(FluentDate.FluentTimeSpan,System.DateTime)">
            <summary>
            Adds given <see cref="T:System.TimeSpan"/> to supplied <paramref name="originalValue"/> <see cref="T:System.DateTime"/> and returns resulting <see cref="T:System.DateTime"/> in the future.
            </summary>
            <seealso cref="M:FluentDateTime.TimeSpanExtensions.From(FluentDate.FluentTimeSpan,System.DateTime)"/>
            <remarks>
            Synonym of <see cref="M:FluentDateTime.TimeSpanExtensions.From(FluentDate.FluentTimeSpan,System.DateTime)"/> method.
            </remarks>
        </member>
        <member name="M:FluentDateTime.TimeSpanExtensions.ToDisplayString(FluentDate.FluentTimeSpan)">
            <summary>
            Convert a <see cref="T:System.TimeSpan"/> to a human readable string.
            </summary>
            <param name="timeSpan">The <see cref="T:System.TimeSpan"/> to convert</param>
            <returns>A human readable string for <paramref name="timeSpan"/></returns>
        </member>
        <member name="M:FluentDateTime.TimeSpanExtensions.ToDisplayString(System.TimeSpan)">
            <summary>
            Convert a <see cref="T:System.TimeSpan"/> to a human readable string.
            </summary>
            <param name="timeSpan">The <see cref="T:System.TimeSpan"/> to convert</param>
            <returns>A human readable string for <paramref name="timeSpan"/></returns>
        </member>
        <member name="M:FluentDate.FluentTimeSpan.Equals(FluentDate.FluentTimeSpan)">
            <summary>
            Indicates whether the current object is equal to another object of the same type.
            </summary>
            <param name="other">An object to compare with this object.</param>
            <returns>
            <c>true</c> if the current object is equal to the other parameter; otherwise, <c>false</c>.
            </returns>
        </member>
        <member name="M:FluentDate.FluentTimeSpan.Add(FluentDate.FluentTimeSpan)">
            <summary>
            Adds two <see cref="T:FluentDate.FluentTimeSpan"/> according operator +.
            </summary>
            <param name="number">The number to add to this <see cref="T:FluentDate.FluentTimeSpan"/>.</param>
            <returns>The result of the addition.</returns>
        </member>
        <member name="M:FluentDate.FluentTimeSpan.Add(System.TimeSpan)">
            <summary>
            Returns a new <see cref="T:FluentDate.FluentTimeSpan"/> that adds the value of the specified <see cref="P:FluentDate.FluentTimeSpan.TimeSpan"/> to the value of this instance.
            </summary>
            <param name="timeSpan">The <see cref="P:FluentDate.FluentTimeSpan.TimeSpan"/> to add to this <see cref="T:FluentDate.FluentTimeSpan"/>.</param>
            <returns>The result of the addition.</returns>
        </member>
        <member name="M:FluentDate.FluentTimeSpan.Subtract(FluentDate.FluentTimeSpan)">
            <summary>
            Subtracts the number according operator -.
            </summary>
            <param name="fluentTimeSpan">The matrix to subtract from this <see cref="T:FluentDate.FluentTimeSpan"/>.</param>
            <returns>The result of the subtraction.</returns>
        </member>
        <member name="M:FluentDate.FluentTimeSpan.Subtract(System.TimeSpan)">
            <summary>
            Returns a new <see cref="T:FluentDate.FluentTimeSpan"/> that subtracts the value of the specified <see cref="P:FluentDate.FluentTimeSpan.TimeSpan"/> to the value of this instance.
            </summary>
            <param name="timeSpan">The <see cref="P:FluentDate.FluentTimeSpan.TimeSpan"/> to subtract from this <see cref="T:FluentDate.FluentTimeSpan"/>.</param>
            <returns>The result of the subtraction.</returns>
        </member>
        <member name="M:FluentDate.FluentTimeSpan.op_Addition(FluentDate.FluentTimeSpan,FluentDate.FluentTimeSpan)">
            <summary>
            Overload of the operator +
            </summary>
            <param name="left">The left hand <see cref="T:FluentDate.FluentTimeSpan"/>.</param>
            <param name="right">The right hand <see cref="T:FluentDate.FluentTimeSpan"/>.</param>
            <returns>The result of the addition.</returns>
        </member>
        <member name="M:FluentDate.FluentTimeSpan.op_Subtraction(FluentDate.FluentTimeSpan,FluentDate.FluentTimeSpan)">
            <summary>
            Overload of the operator -
            </summary>
            <param name="left">The left hand <see cref="T:FluentDate.FluentTimeSpan"/>.</param>
            <param name="right">The right hand <see cref="T:FluentDate.FluentTimeSpan"/>.</param>
            <returns>The result of the subtraction.</returns>
        </member>
        <member name="M:FluentDate.FluentTimeSpan.op_Equality(FluentDate.FluentTimeSpan,FluentDate.FluentTimeSpan)">
            <summary>
            Equals operator.
            </summary>
            <param name="left">The left hand side.</param>
            <param name="right">The right hand side.</param>
            <returns><c>true</c> is <paramref name="left"/> is equal to <paramref name="right"/>; otherwise <c>false</c>.</returns>
        </member>
        <member name="M:FluentDate.FluentTimeSpan.op_Inequality(FluentDate.FluentTimeSpan,FluentDate.FluentTimeSpan)">
            <summary>
            Not Equals operator.
            </summary>
            <param name="left">The left hand side.</param>
            <param name="right">The right hand side.</param>
            <returns><c>true</c> is <paramref name="left"/> is not equal to <paramref name="right"/>; otherwise <c>false</c>.</returns>
        </member>
        <member name="M:FluentDate.FluentTimeSpan.op_Implicit(FluentDate.FluentTimeSpan)~System.TimeSpan">
            <summary>
            Performs an explicit conversion from <see cref="T:FluentDate.FluentTimeSpan"/> to <see cref="P:FluentDate.FluentTimeSpan.TimeSpan"/>.
            </summary>
            <param name="fluentTimeSpan">The FluentTimeSpan.</param>
            <returns>The result of the conversion.</returns>
        </member>
        <member name="M:FluentDate.FluentTimeSpan.op_Implicit(System.TimeSpan)~FluentDate.FluentTimeSpan">
            <summary>
            Performs an implicit conversion from a <see cref="P:FluentDate.FluentTimeSpan.TimeSpan"/> to <see cref="T:FluentDate.FluentTimeSpan"/>.
            </summary>
            <param name="timeSpan">The <see cref="P:FluentDate.FluentTimeSpan.TimeSpan"/> that will be converted.</param>
            <returns>The result of the conversion.</returns>
        </member>
        <member name="M:FluentDate.FluentTimeSpan.Clone">
            <summary>
            Creates a new object that is a copy of the current instance.
            </summary>
            <returns>
            A new object that is a copy of this instance.
            </returns>
        </member>
        <member name="M:FluentDate.FluentTimeSpan.ToString">
            <inheritdoc />
        </member>
        <member name="M:FluentDate.FluentTimeSpan.Equals(System.Object)">
            <inheritdoc />
        </member>
        <member name="M:FluentDate.FluentTimeSpan.GetHashCode">
            <inheritdoc />
        </member>
        <member name="P:FluentDate.FluentTimeSpan.Ticks">
            <summary>
            Gets the number of ticks that represent the value of the current <see cref="P:FluentDate.FluentTimeSpan.TimeSpan"/> structure.
            </summary>
        </member>
        <member name="T:FluentDate.NumberExtensions">
            <summary>
            Static class containing Fluent <see cref="T:System.DateTime"/> extension methods.
            </summary>
        </member>
        <member name="M:FluentDate.NumberExtensions.Years(System.Int32)">
            <summary>
            Generates <see cref="T:System.TimeSpan"/> value for given number of Years.
            </summary>
        </member>
        <member name="M:FluentDate.NumberExtensions.Quarters(System.Int32)">
            <summary>
            Generates <see cref="T:System.TimeSpan"/> value for given number of Quarters.
            </summary>
            <param name="quarters"></param>
            <returns></returns>
        </member>
        <member name="M:FluentDate.NumberExtensions.Months(System.Int32)">
            <summary>
            Returns <see cref="T:System.TimeSpan"/> value for given number of Months.
            </summary>
        </member>
        <member name="M:FluentDate.NumberExtensions.Weeks(System.Int32)">
            <summary>
            Returns <see cref="T:System.TimeSpan"/> for given number of Weeks (number of weeks * 7).
            </summary>
        </member>
        <member name="M:FluentDate.NumberExtensions.Weeks(System.Double)">
            <summary>
            Returns <see cref="T:System.TimeSpan"/> for given number of Weeks (number of weeks * 7).
            </summary>
        </member>
        <member name="M:FluentDate.NumberExtensions.Days(System.Int32)">
            <summary>
            Returns <see cref="T:System.TimeSpan"/> for given number of Days.
            </summary>
        </member>
        <member name="M:FluentDate.NumberExtensions.Days(System.Double)">
            <summary>
            Returns <see cref="T:System.TimeSpan"/> for given number of Days.
            </summary>
        </member>
        <member name="M:FluentDate.NumberExtensions.Hours(System.Int32)">
            <summary>
            Returns <see cref="T:System.TimeSpan"/> for given number of Hours.
            </summary>
        </member>
        <member name="M:FluentDate.NumberExtensions.Hours(System.Double)">
            <summary>
            Returns <see cref="T:System.TimeSpan"/> for given number of Hours.
            </summary>
        </member>
        <member name="M:FluentDate.NumberExtensions.Minutes(System.Int32)">
            <summary>
            Returns <see cref="T:System.TimeSpan"/> for given number of Minutes.
            </summary>
        </member>
        <member name="M:FluentDate.NumberExtensions.Minutes(System.Double)">
            <summary>
            Returns <see cref="T:System.TimeSpan"/> for given number of Minutes.
            </summary>
        </member>
        <member name="M:FluentDate.NumberExtensions.Seconds(System.Int32)">
            <summary>
            Returns <see cref="T:System.TimeSpan"/> for given number of Seconds.
            </summary>
        </member>
        <member name="M:FluentDate.NumberExtensions.Seconds(System.Double)">
            <summary>
            Returns <see cref="T:System.TimeSpan"/> for given number of Seconds.
            </summary>
        </member>
        <member name="M:FluentDate.NumberExtensions.Milliseconds(System.Int32)">
            <summary>
            Returns <see cref="T:System.TimeSpan"/> for given number of Milliseconds.
            </summary>
        </member>
        <member name="M:FluentDate.NumberExtensions.Milliseconds(System.Double)">
            <summary>
            Returns <see cref="T:System.TimeSpan"/> for given number of Milliseconds.
            </summary>
        </member>
        <member name="M:FluentDate.NumberExtensions.Ticks(System.Int32)">
            <summary>
            Returns <see cref="T:System.TimeSpan"/> for given number of ticks.
            </summary>
        </member>
        <member name="M:FluentDate.NumberExtensions.Ticks(System.Int64)">
            <summary>
            Returns <see cref="T:System.TimeSpan"/> for given number of ticks.
            </summary>
        </member>
        <member name="T:FluentDate.RoundTo">
            <summary>
            Used for rounding precision
            </summary>
        </member>
        <member name="F:FluentDate.RoundTo.Second">
            <summary>
            Second precision.
            </summary>
        </member>
        <member name="F:FluentDate.RoundTo.Minute">
            <summary>
            Minute precision.
            </summary>
        </member>
        <member name="F:FluentDate.RoundTo.Hour">
            <summary>
            Hour precision.
            </summary>
        </member>
        <member name="F:FluentDate.RoundTo.Day">
            <summary>
            Day precision.
            </summary>
        </member>
        <member name="T:FluentDate.TimeSpanExtensions">
            <summary>
            Static class containing Fluent <see cref="T:System.TimeSpan"/> extension methods.
            </summary>
        </member>
        <member name="M:FluentDate.TimeSpanExtensions.AddFluentTimeSpan(System.TimeSpan,FluentDate.FluentTimeSpan)">
            <summary>
            Adds the given <see cref="T:FluentDate.FluentTimeSpan"/> from a <see cref="T:System.TimeSpan"/> and returns resulting <see cref="T:FluentDate.FluentTimeSpan"/>.
            </summary>
        </member>
        <member name="M:FluentDate.TimeSpanExtensions.SubtractFluentTimeSpan(System.TimeSpan,FluentDate.FluentTimeSpan)">
            <summary>
            Subtracts the given <see cref="T:FluentDate.FluentTimeSpan"/> from a <see cref="T:System.TimeSpan"/> and returns resulting <see cref="T:FluentDate.FluentTimeSpan"/>.
            </summary>
        </member>
    </members>
</doc>
